{
  "ABIRoot": {
    "kind": "Root",
    "name": "FlashNotifications",
    "printedName": "FlashNotifications",
    "children": [
      {
        "kind": "Import",
        "name": "UIKit",
        "printedName": "UIKit",
        "declKind": "Import",
        "moduleName": "FlashNotifications",
        "declAttributes": [
          "RawDocComment"
        ]
      },
      {
        "kind": "Import",
        "name": "UIKit",
        "printedName": "UIKit",
        "declKind": "Import",
        "moduleName": "FlashNotifications",
        "declAttributes": [
          "RawDocComment"
        ]
      },
      {
        "kind": "Import",
        "name": "UIKit",
        "printedName": "UIKit",
        "declKind": "Import",
        "moduleName": "FlashNotifications",
        "declAttributes": [
          "RawDocComment"
        ]
      },
      {
        "kind": "TypeDecl",
        "name": "FlashNotification",
        "printedName": "FlashNotification",
        "children": [
          {
            "kind": "Function",
            "name": "hide",
            "printedName": "hide()",
            "children": [
              {
                "kind": "TypeNominal",
                "name": "Void",
                "printedName": "()"
              }
            ],
            "declKind": "Func",
            "usr": "s:18FlashNotifications0A12NotificationP4hideyyF",
            "mangledName": "$s18FlashNotifications0A12NotificationP4hideyyF",
            "moduleName": "FlashNotifications",
            "genericSig": "<τ_0_0 where τ_0_0 : FlashNotifications.FlashNotification>",
            "sugared_genericSig": "<Self where Self : FlashNotifications.FlashNotification>",
            "protocolReq": true,
            "reqNewWitnessTableEntry": true,
            "funcSelfKind": "NonMutating"
          }
        ],
        "declKind": "Protocol",
        "usr": "s:18FlashNotifications0A12NotificationP",
        "mangledName": "$s18FlashNotifications0A12NotificationP",
        "moduleName": "FlashNotifications",
        "genericSig": "<τ_0_0 : Swift.Sendable>",
        "sugared_genericSig": "<Self : Swift.Sendable>",
        "declAttributes": [
          "AccessControl"
        ],
        "conformances": [
          {
            "kind": "Conformance",
            "name": "Escapable",
            "printedName": "Escapable",
            "usr": "s:s9EscapableP",
            "mangledName": "$ss9EscapableP"
          },
          {
            "kind": "Conformance",
            "name": "Copyable",
            "printedName": "Copyable",
            "usr": "s:s8CopyableP",
            "mangledName": "$ss8CopyableP"
          },
          {
            "kind": "Conformance",
            "name": "Sendable",
            "printedName": "Sendable",
            "usr": "s:s8SendableP",
            "mangledName": "$ss8SendableP"
          },
          {
            "kind": "Conformance",
            "name": "SendableMetatype",
            "printedName": "SendableMetatype",
            "usr": "s:s16SendableMetatypeP",
            "mangledName": "$ss16SendableMetatypeP"
          }
        ]
      },
      {
        "kind": "TypeDecl",
        "name": "FlashNotificationView",
        "printedName": "FlashNotificationView",
        "children": [
          {
            "kind": "Var",
            "name": "delegate",
            "printedName": "delegate",
            "children": [
              {
                "kind": "TypeNominal",
                "name": "Optional",
                "printedName": "(any FlashNotifications.FlashNotificationDelegate)?",
                "children": [
                  {
                    "kind": "TypeNominal",
                    "name": "FlashNotificationDelegate",
                    "printedName": "any FlashNotifications.FlashNotificationDelegate",
                    "usr": "s:18FlashNotifications0A20NotificationDelegateP"
                  }
                ],
                "usr": "s:Sq"
              }
            ],
            "declKind": "Var",
            "usr": "s:18FlashNotifications0A16NotificationViewC8delegateAA0aC8Delegate_pSgvp",
            "mangledName": "$s18FlashNotifications0A16NotificationViewC8delegateAA0aC8Delegate_pSgvp",
            "moduleName": "FlashNotifications",
            "declAttributes": [
              "HasInitialValue",
              "Final",
              "Custom",
              "HasStorage",
              "AccessControl"
            ],
            "hasStorage": true,
            "accessors": [
              {
                "kind": "Accessor",
                "name": "Get",
                "printedName": "Get()",
                "children": [
                  {
                    "kind": "TypeNominal",
                    "name": "Optional",
                    "printedName": "(any FlashNotifications.FlashNotificationDelegate)?",
                    "children": [
                      {
                        "kind": "TypeNominal",
                        "name": "FlashNotificationDelegate",
                        "printedName": "any FlashNotifications.FlashNotificationDelegate",
                        "usr": "s:18FlashNotifications0A20NotificationDelegateP"
                      }
                    ],
                    "usr": "s:Sq"
                  }
                ],
                "declKind": "Accessor",
                "usr": "s:18FlashNotifications0A16NotificationViewC8delegateAA0aC8Delegate_pSgvg",
                "mangledName": "$s18FlashNotifications0A16NotificationViewC8delegateAA0aC8Delegate_pSgvg",
                "moduleName": "FlashNotifications",
                "implicit": true,
                "declAttributes": [
                  "Final"
                ],
                "accessorKind": "get"
              },
              {
                "kind": "Accessor",
                "name": "Set",
                "printedName": "Set()",
                "children": [
                  {
                    "kind": "TypeNominal",
                    "name": "Void",
                    "printedName": "()"
                  },
                  {
                    "kind": "TypeNominal",
                    "name": "Optional",
                    "printedName": "(any FlashNotifications.FlashNotificationDelegate)?",
                    "children": [
                      {
                        "kind": "TypeNominal",
                        "name": "FlashNotificationDelegate",
                        "printedName": "any FlashNotifications.FlashNotificationDelegate",
                        "usr": "s:18FlashNotifications0A20NotificationDelegateP"
                      }
                    ],
                    "usr": "s:Sq"
                  }
                ],
                "declKind": "Accessor",
                "usr": "s:18FlashNotifications0A16NotificationViewC8delegateAA0aC8Delegate_pSgvs",
                "mangledName": "$s18FlashNotifications0A16NotificationViewC8delegateAA0aC8Delegate_pSgvs",
                "moduleName": "FlashNotifications",
                "implicit": true,
                "declAttributes": [
                  "Final"
                ],
                "accessorKind": "set"
              },
              {
                "kind": "Accessor",
                "name": "Modify",
                "printedName": "Modify()",
                "children": [
                  {
                    "kind": "TypeNominal",
                    "name": "Void",
                    "printedName": "()"
                  }
                ],
                "declKind": "Accessor",
                "usr": "s:18FlashNotifications0A16NotificationViewC8delegateAA0aC8Delegate_pSgvM",
                "mangledName": "$s18FlashNotifications0A16NotificationViewC8delegateAA0aC8Delegate_pSgvM",
                "moduleName": "FlashNotifications",
                "implicit": true,
                "declAttributes": [
                  "Final"
                ],
                "accessorKind": "_modify"
              }
            ]
          },
          {
            "kind": "Function",
            "name": "hide",
            "printedName": "hide()",
            "children": [
              {
                "kind": "TypeNominal",
                "name": "Void",
                "printedName": "()"
              }
            ],
            "declKind": "Func",
            "usr": "s:18FlashNotifications0A16NotificationViewC4hideyyF",
            "mangledName": "$s18FlashNotifications0A16NotificationViewC4hideyyF",
            "moduleName": "FlashNotifications",
            "declAttributes": [
              "Custom",
              "Final",
              "AccessControl",
              "RawDocComment"
            ],
            "funcSelfKind": "NonMutating"
          },
          {
            "kind": "Constructor",
            "name": "init",
            "printedName": "init(frame:)",
            "children": [
              {
                "kind": "TypeNominal",
                "name": "FlashNotificationView",
                "printedName": "FlashNotifications.FlashNotificationView",
                "usr": "c:@M@FlashNotifications@objc(cs)FlashNotificationView"
              },
              {
                "kind": "TypeNominal",
                "name": "CGRect",
                "printedName": "CoreFoundation.CGRect",
                "usr": "c:@S@CGRect"
              }
            ],
            "declKind": "Constructor",
            "usr": "c:@M@FlashNotifications@objc(cs)FlashNotificationView(im)initWithFrame:",
            "mangledName": "$s18FlashNotifications0A16NotificationViewC5frameACSo6CGRectV_tcfc",
            "moduleName": "FlashNotifications",
            "overriding": true,
            "implicit": true,
            "objc_name": "initWithFrame:",
            "declAttributes": [
              "Dynamic",
              "ObjC",
              "Custom",
              "Override"
            ],
            "init_kind": "Designated"
          }
        ],
        "declKind": "Class",
        "usr": "c:@M@FlashNotifications@objc(cs)FlashNotificationView",
        "mangledName": "$s18FlashNotifications0A16NotificationViewC",
        "moduleName": "FlashNotifications",
        "declAttributes": [
          "Final",
          "AccessControl",
          "Custom",
          "ObjC"
        ],
        "superclassUsr": "c:objc(cs)UIView",
        "hasMissingDesignatedInitializers": true,
        "superclassNames": [
          "UIKit.UIView",
          "UIKit.UIResponder",
          "ObjectiveC.NSObject"
        ],
        "conformances": [
          {
            "kind": "Conformance",
            "name": "FlashNotification",
            "printedName": "FlashNotification",
            "usr": "s:18FlashNotifications0A12NotificationP",
            "mangledName": "$s18FlashNotifications0A12NotificationP"
          },
          {
            "kind": "Conformance",
            "name": "Copyable",
            "printedName": "Copyable",
            "usr": "s:s8CopyableP",
            "mangledName": "$ss8CopyableP"
          },
          {
            "kind": "Conformance",
            "name": "Escapable",
            "printedName": "Escapable",
            "usr": "s:s9EscapableP",
            "mangledName": "$ss9EscapableP"
          },
          {
            "kind": "Conformance",
            "name": "Equatable",
            "printedName": "Equatable",
            "usr": "s:SQ",
            "mangledName": "$sSQ"
          },
          {
            "kind": "Conformance",
            "name": "Hashable",
            "printedName": "Hashable",
            "usr": "s:SH",
            "mangledName": "$sSH"
          },
          {
            "kind": "Conformance",
            "name": "CVarArg",
            "printedName": "CVarArg",
            "usr": "s:s7CVarArgP",
            "mangledName": "$ss7CVarArgP"
          },
          {
            "kind": "Conformance",
            "name": "_KeyValueCodingAndObservingPublishing",
            "printedName": "_KeyValueCodingAndObservingPublishing",
            "usr": "s:10Foundation37_KeyValueCodingAndObservingPublishingP",
            "mangledName": "$s10Foundation37_KeyValueCodingAndObservingPublishingP"
          },
          {
            "kind": "Conformance",
            "name": "_KeyValueCodingAndObserving",
            "printedName": "_KeyValueCodingAndObserving",
            "usr": "s:10Foundation27_KeyValueCodingAndObservingP",
            "mangledName": "$s10Foundation27_KeyValueCodingAndObservingP"
          },
          {
            "kind": "Conformance",
            "name": "CustomStringConvertible",
            "printedName": "CustomStringConvertible",
            "usr": "s:s23CustomStringConvertibleP",
            "mangledName": "$ss23CustomStringConvertibleP"
          },
          {
            "kind": "Conformance",
            "name": "CustomDebugStringConvertible",
            "printedName": "CustomDebugStringConvertible",
            "usr": "s:s28CustomDebugStringConvertibleP",
            "mangledName": "$ss28CustomDebugStringConvertibleP"
          },
          {
            "kind": "Conformance",
            "name": "UITraitChangeObservable",
            "printedName": "UITraitChangeObservable",
            "usr": "s:5UIKit23UITraitChangeObservableP",
            "mangledName": "$s5UIKit23UITraitChangeObservableP"
          },
          {
            "kind": "Conformance",
            "name": "__DefaultCustomPlaygroundQuickLookable",
            "printedName": "__DefaultCustomPlaygroundQuickLookable",
            "usr": "s:s38__DefaultCustomPlaygroundQuickLookableP",
            "mangledName": "$ss38__DefaultCustomPlaygroundQuickLookableP"
          },
          {
            "kind": "Conformance",
            "name": "Sendable",
            "printedName": "Sendable",
            "usr": "s:s8SendableP",
            "mangledName": "$ss8SendableP"
          },
          {
            "kind": "Conformance",
            "name": "SendableMetatype",
            "printedName": "SendableMetatype",
            "usr": "s:s16SendableMetatypeP",
            "mangledName": "$ss16SendableMetatypeP"
          }
        ]
      },
      {
        "kind": "Import",
        "name": "UIKit",
        "printedName": "UIKit",
        "declKind": "Import",
        "moduleName": "FlashNotifications",
        "declAttributes": [
          "RawDocComment"
        ]
      },
      {
        "kind": "TypeDecl",
        "name": "FlashNotificationDelegate",
        "printedName": "FlashNotificationDelegate",
        "children": [
          {
            "kind": "Function",
            "name": "onNotificationTap",
            "printedName": "onNotificationTap(type:title:message:)",
            "children": [
              {
                "kind": "TypeNominal",
                "name": "Void",
                "printedName": "()"
              },
              {
                "kind": "TypeNominal",
                "name": "FlashNotificationType",
                "printedName": "any FlashNotifications.FlashNotificationType",
                "usr": "s:18FlashNotifications0A16NotificationTypeP"
              },
              {
                "kind": "TypeNominal",
                "name": "Optional",
                "printedName": "Swift.String?",
                "children": [
                  {
                    "kind": "TypeNominal",
                    "name": "String",
                    "printedName": "Swift.String",
                    "usr": "s:SS"
                  }
                ],
                "usr": "s:Sq"
              },
              {
                "kind": "TypeNominal",
                "name": "Optional",
                "printedName": "Swift.String?",
                "children": [
                  {
                    "kind": "TypeNominal",
                    "name": "String",
                    "printedName": "Swift.String",
                    "usr": "s:SS"
                  }
                ],
                "usr": "s:Sq"
              }
            ],
            "declKind": "Func",
            "usr": "s:18FlashNotifications0A20NotificationDelegateP02onC3Tap4type5title7messageyAA0aC4Type_p_SSSgAItF",
            "mangledName": "$s18FlashNotifications0A20NotificationDelegateP02onC3Tap4type5title7messageyAA0aC4Type_p_SSSgAItF",
            "moduleName": "FlashNotifications",
            "genericSig": "<τ_0_0 where τ_0_0 : FlashNotifications.FlashNotificationDelegate>",
            "sugared_genericSig": "<Self where Self : FlashNotifications.FlashNotificationDelegate>",
            "protocolReq": true,
            "reqNewWitnessTableEntry": true,
            "funcSelfKind": "NonMutating"
          }
        ],
        "declKind": "Protocol",
        "usr": "s:18FlashNotifications0A20NotificationDelegateP",
        "mangledName": "$s18FlashNotifications0A20NotificationDelegateP",
        "moduleName": "FlashNotifications",
        "genericSig": "<τ_0_0 : Swift.Sendable>",
        "sugared_genericSig": "<Self : Swift.Sendable>",
        "declAttributes": [
          "AccessControl"
        ],
        "conformances": [
          {
            "kind": "Conformance",
            "name": "Escapable",
            "printedName": "Escapable",
            "usr": "s:s9EscapableP",
            "mangledName": "$ss9EscapableP"
          },
          {
            "kind": "Conformance",
            "name": "Copyable",
            "printedName": "Copyable",
            "usr": "s:s8CopyableP",
            "mangledName": "$ss8CopyableP"
          },
          {
            "kind": "Conformance",
            "name": "Sendable",
            "printedName": "Sendable",
            "usr": "s:s8SendableP",
            "mangledName": "$ss8SendableP"
          },
          {
            "kind": "Conformance",
            "name": "SendableMetatype",
            "printedName": "SendableMetatype",
            "usr": "s:s16SendableMetatypeP",
            "mangledName": "$ss16SendableMetatypeP"
          }
        ]
      },
      {
        "kind": "TypeDecl",
        "name": "FlashNotificationManager",
        "printedName": "FlashNotificationManager",
        "children": [
          {
            "kind": "Var",
            "name": "success",
            "printedName": "success",
            "children": [
              {
                "kind": "TypeNominal",
                "name": "FlashNotificationType",
                "printedName": "any FlashNotifications.FlashNotificationType",
                "usr": "s:18FlashNotifications0A16NotificationTypeP"
              }
            ],
            "declKind": "Var",
            "usr": "s:18FlashNotifications0A19NotificationManagerC7successAA0aC4Type_pvpZ",
            "mangledName": "$s18FlashNotifications0A19NotificationManagerC7successAA0aC4Type_pvpZ",
            "moduleName": "FlashNotifications",
            "static": true,
            "declAttributes": [
              "HasInitialValue",
              "Final",
              "HasStorage",
              "AccessControl",
              "RawDocComment"
            ],
            "isLet": true,
            "hasStorage": true,
            "accessors": [
              {
                "kind": "Accessor",
                "name": "Get",
                "printedName": "Get()",
                "children": [
                  {
                    "kind": "TypeNominal",
                    "name": "FlashNotificationType",
                    "printedName": "any FlashNotifications.FlashNotificationType",
                    "usr": "s:18FlashNotifications0A16NotificationTypeP"
                  }
                ],
                "declKind": "Accessor",
                "usr": "s:18FlashNotifications0A19NotificationManagerC7successAA0aC4Type_pvgZ",
                "mangledName": "$s18FlashNotifications0A19NotificationManagerC7successAA0aC4Type_pvgZ",
                "moduleName": "FlashNotifications",
                "static": true,
                "implicit": true,
                "declAttributes": [
                  "Final"
                ],
                "accessorKind": "get"
              }
            ]
          },
          {
            "kind": "Var",
            "name": "error",
            "printedName": "error",
            "children": [
              {
                "kind": "TypeNominal",
                "name": "FlashNotificationType",
                "printedName": "any FlashNotifications.FlashNotificationType",
                "usr": "s:18FlashNotifications0A16NotificationTypeP"
              }
            ],
            "declKind": "Var",
            "usr": "s:18FlashNotifications0A19NotificationManagerC5errorAA0aC4Type_pvpZ",
            "mangledName": "$s18FlashNotifications0A19NotificationManagerC5errorAA0aC4Type_pvpZ",
            "moduleName": "FlashNotifications",
            "static": true,
            "declAttributes": [
              "HasInitialValue",
              "Final",
              "HasStorage",
              "AccessControl"
            ],
            "isLet": true,
            "hasStorage": true,
            "accessors": [
              {
                "kind": "Accessor",
                "name": "Get",
                "printedName": "Get()",
                "children": [
                  {
                    "kind": "TypeNominal",
                    "name": "FlashNotificationType",
                    "printedName": "any FlashNotifications.FlashNotificationType",
                    "usr": "s:18FlashNotifications0A16NotificationTypeP"
                  }
                ],
                "declKind": "Accessor",
                "usr": "s:18FlashNotifications0A19NotificationManagerC5errorAA0aC4Type_pvgZ",
                "mangledName": "$s18FlashNotifications0A19NotificationManagerC5errorAA0aC4Type_pvgZ",
                "moduleName": "FlashNotifications",
                "static": true,
                "implicit": true,
                "declAttributes": [
                  "Final"
                ],
                "accessorKind": "get"
              }
            ]
          },
          {
            "kind": "Var",
            "name": "info",
            "printedName": "info",
            "children": [
              {
                "kind": "TypeNominal",
                "name": "FlashNotificationType",
                "printedName": "any FlashNotifications.FlashNotificationType",
                "usr": "s:18FlashNotifications0A16NotificationTypeP"
              }
            ],
            "declKind": "Var",
            "usr": "s:18FlashNotifications0A19NotificationManagerC4infoAA0aC4Type_pvpZ",
            "mangledName": "$s18FlashNotifications0A19NotificationManagerC4infoAA0aC4Type_pvpZ",
            "moduleName": "FlashNotifications",
            "static": true,
            "declAttributes": [
              "HasInitialValue",
              "Final",
              "HasStorage",
              "AccessControl"
            ],
            "isLet": true,
            "hasStorage": true,
            "accessors": [
              {
                "kind": "Accessor",
                "name": "Get",
                "printedName": "Get()",
                "children": [
                  {
                    "kind": "TypeNominal",
                    "name": "FlashNotificationType",
                    "printedName": "any FlashNotifications.FlashNotificationType",
                    "usr": "s:18FlashNotifications0A16NotificationTypeP"
                  }
                ],
                "declKind": "Accessor",
                "usr": "s:18FlashNotifications0A19NotificationManagerC4infoAA0aC4Type_pvgZ",
                "mangledName": "$s18FlashNotifications0A19NotificationManagerC4infoAA0aC4Type_pvgZ",
                "moduleName": "FlashNotifications",
                "static": true,
                "implicit": true,
                "declAttributes": [
                  "Final"
                ],
                "accessorKind": "get"
              }
            ]
          },
          {
            "kind": "Constructor",
            "name": "init",
            "printedName": "init()",
            "children": [
              {
                "kind": "TypeNominal",
                "name": "FlashNotificationManager",
                "printedName": "FlashNotifications.FlashNotificationManager",
                "usr": "s:18FlashNotifications0A19NotificationManagerC"
              }
            ],
            "declKind": "Constructor",
            "usr": "s:18FlashNotifications0A19NotificationManagerCACycfc",
            "mangledName": "$s18FlashNotifications0A19NotificationManagerCACycfc",
            "moduleName": "FlashNotifications",
            "declAttributes": [
              "AccessControl",
              "RawDocComment"
            ],
            "init_kind": "Designated"
          },
          {
            "kind": "Function",
            "name": "showNotification",
            "printedName": "showNotification(textColor:backgroundColor:image:title:message:dismissDelay:delegate:completion:)",
            "children": [
              {
                "kind": "TypeNominal",
                "name": "Optional",
                "printedName": "(any FlashNotifications.FlashNotification)?",
                "children": [
                  {
                    "kind": "TypeNominal",
                    "name": "FlashNotification",
                    "printedName": "any FlashNotifications.FlashNotification",
                    "usr": "s:18FlashNotifications0A12NotificationP"
                  }
                ],
                "usr": "s:Sq"
              },
              {
                "kind": "TypeNominal",
                "name": "UIColor",
                "printedName": "UIKit.UIColor",
                "usr": "c:objc(cs)UIColor"
              },
              {
                "kind": "TypeNominal",
                "name": "UIColor",
                "printedName": "UIKit.UIColor",
                "usr": "c:objc(cs)UIColor"
              },
              {
                "kind": "TypeNominal",
                "name": "Optional",
                "printedName": "UIKit.UIImage?",
                "children": [
                  {
                    "kind": "TypeNominal",
                    "name": "UIImage",
                    "printedName": "UIKit.UIImage",
                    "usr": "c:objc(cs)UIImage"
                  }
                ],
                "usr": "s:Sq"
              },
              {
                "kind": "TypeNominal",
                "name": "String",
                "printedName": "Swift.String",
                "usr": "s:SS"
              },
              {
                "kind": "TypeNominal",
                "name": "String",
                "printedName": "Swift.String",
                "usr": "s:SS"
              },
              {
                "kind": "TypeNominal",
                "name": "Double",
                "printedName": "Swift.Double",
                "usr": "s:Sd"
              },
              {
                "kind": "TypeNominal",
                "name": "Optional",
                "printedName": "(any FlashNotifications.FlashNotificationDelegate)?",
                "children": [
                  {
                    "kind": "TypeNominal",
                    "name": "FlashNotificationDelegate",
                    "printedName": "any FlashNotifications.FlashNotificationDelegate",
                    "usr": "s:18FlashNotifications0A20NotificationDelegateP"
                  }
                ],
                "hasDefaultArg": true,
                "usr": "s:Sq"
              },
              {
                "kind": "TypeFunc",
                "name": "Function",
                "printedName": "() -> ()",
                "children": [
                  {
                    "kind": "TypeNominal",
                    "name": "Void",
                    "printedName": "()"
                  },
                  {
                    "kind": "TypeNominal",
                    "name": "Void",
                    "printedName": "()"
                  }
                ],
                "hasDefaultArg": true
              }
            ],
            "declKind": "Func",
            "usr": "s:18FlashNotifications0A19NotificationManagerC04showC09textColor010backgroundG05image5title7message12dismissDelay8delegate10completionAA0aC0_pSgSo7UIColorC_APSo7UIImageCSgS2SSdAA0aC8Delegate_pSgyyctFZ",
            "mangledName": "$s18FlashNotifications0A19NotificationManagerC04showC09textColor010backgroundG05image5title7message12dismissDelay8delegate10completionAA0aC0_pSgSo7UIColorC_APSo7UIImageCSgS2SSdAA0aC8Delegate_pSgyyctFZ",
            "moduleName": "FlashNotifications",
            "static": true,
            "declAttributes": [
              "Final",
              "AccessControl",
              "DiscardableResult",
              "RawDocComment"
            ],
            "funcSelfKind": "NonMutating"
          },
          {
            "kind": "Function",
            "name": "showNotification",
            "printedName": "showNotification(type:title:message:dismissDelay:delegate:completion:)",
            "children": [
              {
                "kind": "TypeNominal",
                "name": "Optional",
                "printedName": "(any FlashNotifications.FlashNotification)?",
                "children": [
                  {
                    "kind": "TypeNominal",
                    "name": "FlashNotification",
                    "printedName": "any FlashNotifications.FlashNotification",
                    "usr": "s:18FlashNotifications0A12NotificationP"
                  }
                ],
                "usr": "s:Sq"
              },
              {
                "kind": "TypeNominal",
                "name": "FlashNotificationType",
                "printedName": "any FlashNotifications.FlashNotificationType",
                "usr": "s:18FlashNotifications0A16NotificationTypeP"
              },
              {
                "kind": "TypeNominal",
                "name": "String",
                "printedName": "Swift.String",
                "usr": "s:SS"
              },
              {
                "kind": "TypeNominal",
                "name": "String",
                "printedName": "Swift.String",
                "usr": "s:SS"
              },
              {
                "kind": "TypeNominal",
                "name": "Double",
                "printedName": "Swift.Double",
                "usr": "s:Sd"
              },
              {
                "kind": "TypeNominal",
                "name": "Optional",
                "printedName": "(any FlashNotifications.FlashNotificationDelegate)?",
                "children": [
                  {
                    "kind": "TypeNominal",
                    "name": "FlashNotificationDelegate",
                    "printedName": "any FlashNotifications.FlashNotificationDelegate",
                    "usr": "s:18FlashNotifications0A20NotificationDelegateP"
                  }
                ],
                "hasDefaultArg": true,
                "usr": "s:Sq"
              },
              {
                "kind": "TypeFunc",
                "name": "Function",
                "printedName": "() -> ()",
                "children": [
                  {
                    "kind": "TypeNominal",
                    "name": "Void",
                    "printedName": "()"
                  },
                  {
                    "kind": "TypeNominal",
                    "name": "Void",
                    "printedName": "()"
                  }
                ],
                "hasDefaultArg": true
              }
            ],
            "declKind": "Func",
            "usr": "s:18FlashNotifications0A19NotificationManagerC04showC04type5title7message12dismissDelay8delegate10completionAA0aC0_pSgAA0aC4Type_p_S2SSdAA0aC8Delegate_pSgyyctFZ",
            "mangledName": "$s18FlashNotifications0A19NotificationManagerC04showC04type5title7message12dismissDelay8delegate10completionAA0aC0_pSgAA0aC4Type_p_S2SSdAA0aC8Delegate_pSgyyctFZ",
            "moduleName": "FlashNotifications",
            "static": true,
            "declAttributes": [
              "Final",
              "AccessControl",
              "DiscardableResult",
              "RawDocComment"
            ],
            "funcSelfKind": "NonMutating"
          }
        ],
        "declKind": "Class",
        "usr": "s:18FlashNotifications0A19NotificationManagerC",
        "mangledName": "$s18FlashNotifications0A19NotificationManagerC",
        "moduleName": "FlashNotifications",
        "declAttributes": [
          "Final",
          "AccessControl"
        ],
        "conformances": [
          {
            "kind": "Conformance",
            "name": "Copyable",
            "printedName": "Copyable",
            "usr": "s:s8CopyableP",
            "mangledName": "$ss8CopyableP"
          },
          {
            "kind": "Conformance",
            "name": "Escapable",
            "printedName": "Escapable",
            "usr": "s:s9EscapableP",
            "mangledName": "$ss9EscapableP"
          }
        ]
      },
      {
        "kind": "Import",
        "name": "Foundation",
        "printedName": "Foundation",
        "declKind": "Import",
        "moduleName": "FlashNotifications",
        "declAttributes": [
          "RawDocComment"
        ]
      },
      {
        "kind": "Import",
        "name": "UIKit",
        "printedName": "UIKit",
        "declKind": "Import",
        "moduleName": "FlashNotifications"
      },
      {
        "kind": "TypeDecl",
        "name": "FlashNotificationType",
        "printedName": "FlashNotificationType",
        "children": [
          {
            "kind": "Var",
            "name": "textColor",
            "printedName": "textColor",
            "children": [
              {
                "kind": "TypeNominal",
                "name": "UIColor",
                "printedName": "UIKit.UIColor",
                "usr": "c:objc(cs)UIColor"
              }
            ],
            "declKind": "Var",
            "usr": "s:18FlashNotifications0A16NotificationTypeP9textColorSo7UIColorCvp",
            "mangledName": "$s18FlashNotifications0A16NotificationTypeP9textColorSo7UIColorCvp",
            "moduleName": "FlashNotifications",
            "protocolReq": true,
            "accessors": [
              {
                "kind": "Accessor",
                "name": "Get",
                "printedName": "Get()",
                "children": [
                  {
                    "kind": "TypeNominal",
                    "name": "UIColor",
                    "printedName": "UIKit.UIColor",
                    "usr": "c:objc(cs)UIColor"
                  }
                ],
                "declKind": "Accessor",
                "usr": "s:18FlashNotifications0A16NotificationTypeP9textColorSo7UIColorCvg",
                "mangledName": "$s18FlashNotifications0A16NotificationTypeP9textColorSo7UIColorCvg",
                "moduleName": "FlashNotifications",
                "genericSig": "<τ_0_0 where τ_0_0 : FlashNotifications.FlashNotificationType>",
                "sugared_genericSig": "<Self where Self : FlashNotifications.FlashNotificationType>",
                "protocolReq": true,
                "reqNewWitnessTableEntry": true,
                "accessorKind": "get"
              }
            ]
          },
          {
            "kind": "Var",
            "name": "backgroundColor",
            "printedName": "backgroundColor",
            "children": [
              {
                "kind": "TypeNominal",
                "name": "UIColor",
                "printedName": "UIKit.UIColor",
                "usr": "c:objc(cs)UIColor"
              }
            ],
            "declKind": "Var",
            "usr": "s:18FlashNotifications0A16NotificationTypeP15backgroundColorSo7UIColorCvp",
            "mangledName": "$s18FlashNotifications0A16NotificationTypeP15backgroundColorSo7UIColorCvp",
            "moduleName": "FlashNotifications",
            "protocolReq": true,
            "accessors": [
              {
                "kind": "Accessor",
                "name": "Get",
                "printedName": "Get()",
                "children": [
                  {
                    "kind": "TypeNominal",
                    "name": "UIColor",
                    "printedName": "UIKit.UIColor",
                    "usr": "c:objc(cs)UIColor"
                  }
                ],
                "declKind": "Accessor",
                "usr": "s:18FlashNotifications0A16NotificationTypeP15backgroundColorSo7UIColorCvg",
                "mangledName": "$s18FlashNotifications0A16NotificationTypeP15backgroundColorSo7UIColorCvg",
                "moduleName": "FlashNotifications",
                "genericSig": "<τ_0_0 where τ_0_0 : FlashNotifications.FlashNotificationType>",
                "sugared_genericSig": "<Self where Self : FlashNotifications.FlashNotificationType>",
                "protocolReq": true,
                "reqNewWitnessTableEntry": true,
                "accessorKind": "get"
              }
            ]
          },
          {
            "kind": "Var",
            "name": "image",
            "printedName": "image",
            "children": [
              {
                "kind": "TypeNominal",
                "name": "Optional",
                "printedName": "UIKit.UIImage?",
                "children": [
                  {
                    "kind": "TypeNominal",
                    "name": "UIImage",
                    "printedName": "UIKit.UIImage",
                    "usr": "c:objc(cs)UIImage"
                  }
                ],
                "usr": "s:Sq"
              }
            ],
            "declKind": "Var",
            "usr": "s:18FlashNotifications0A16NotificationTypeP5imageSo7UIImageCSgvp",
            "mangledName": "$s18FlashNotifications0A16NotificationTypeP5imageSo7UIImageCSgvp",
            "moduleName": "FlashNotifications",
            "protocolReq": true,
            "accessors": [
              {
                "kind": "Accessor",
                "name": "Get",
                "printedName": "Get()",
                "children": [
                  {
                    "kind": "TypeNominal",
                    "name": "Optional",
                    "printedName": "UIKit.UIImage?",
                    "children": [
                      {
                        "kind": "TypeNominal",
                        "name": "UIImage",
                        "printedName": "UIKit.UIImage",
                        "usr": "c:objc(cs)UIImage"
                      }
                    ],
                    "usr": "s:Sq"
                  }
                ],
                "declKind": "Accessor",
                "usr": "s:18FlashNotifications0A16NotificationTypeP5imageSo7UIImageCSgvg",
                "mangledName": "$s18FlashNotifications0A16NotificationTypeP5imageSo7UIImageCSgvg",
                "moduleName": "FlashNotifications",
                "genericSig": "<τ_0_0 where τ_0_0 : FlashNotifications.FlashNotificationType>",
                "sugared_genericSig": "<Self where Self : FlashNotifications.FlashNotificationType>",
                "protocolReq": true,
                "reqNewWitnessTableEntry": true,
                "accessorKind": "get"
              }
            ]
          }
        ],
        "declKind": "Protocol",
        "usr": "s:18FlashNotifications0A16NotificationTypeP",
        "mangledName": "$s18FlashNotifications0A16NotificationTypeP",
        "moduleName": "FlashNotifications",
        "genericSig": "<τ_0_0 : Swift.Sendable>",
        "sugared_genericSig": "<Self : Swift.Sendable>",
        "declAttributes": [
          "AccessControl",
          "RawDocComment"
        ],
        "conformances": [
          {
            "kind": "Conformance",
            "name": "Escapable",
            "printedName": "Escapable",
            "usr": "s:s9EscapableP",
            "mangledName": "$ss9EscapableP"
          },
          {
            "kind": "Conformance",
            "name": "Copyable",
            "printedName": "Copyable",
            "usr": "s:s8CopyableP",
            "mangledName": "$ss8CopyableP"
          },
          {
            "kind": "Conformance",
            "name": "Sendable",
            "printedName": "Sendable",
            "usr": "s:s8SendableP",
            "mangledName": "$ss8SendableP"
          },
          {
            "kind": "Conformance",
            "name": "SendableMetatype",
            "printedName": "SendableMetatype",
            "usr": "s:s16SendableMetatypeP",
            "mangledName": "$ss16SendableMetatypeP"
          }
        ]
      },
      {
        "kind": "Import",
        "name": "Foundation",
        "printedName": "Foundation",
        "declKind": "Import",
        "moduleName": "FlashNotifications"
      },
      {
        "kind": "Import",
        "name": "UIKit",
        "printedName": "UIKit",
        "declKind": "Import",
        "moduleName": "FlashNotifications"
      },
      {
        "kind": "Import",
        "name": "SwiftUI",
        "printedName": "SwiftUI",
        "declKind": "Import",
        "moduleName": "FlashNotifications"
      },
      {
        "kind": "Import",
        "name": "DeveloperToolsSupport",
        "printedName": "DeveloperToolsSupport",
        "declKind": "Import",
        "moduleName": "FlashNotifications"
      }
    ],
    "json_format_version": 8
  },
  "ConstValues": [
    {
      "filePath": "\/Users\/souravkumarsingh\/Desktop\/FlashNotifications\/FlashNotifications\/Classes\/Colors.swift",
      "kind": "IntegerLiteral",
      "offset": 201,
      "length": 2,
      "value": "46"
    },
    {
      "filePath": "\/Users\/souravkumarsingh\/Desktop\/FlashNotifications\/FlashNotifications\/Classes\/Colors.swift",
      "kind": "IntegerLiteral",
      "offset": 204,
      "length": 3,
      "value": "255"
    },
    {
      "filePath": "\/Users\/souravkumarsingh\/Desktop\/FlashNotifications\/FlashNotifications\/Classes\/Colors.swift",
      "kind": "IntegerLiteral",
      "offset": 216,
      "length": 3,
      "value": "204"
    },
    {
      "filePath": "\/Users\/souravkumarsingh\/Desktop\/FlashNotifications\/FlashNotifications\/Classes\/Colors.swift",
      "kind": "IntegerLiteral",
      "offset": 220,
      "length": 3,
      "value": "255"
    },
    {
      "filePath": "\/Users\/souravkumarsingh\/Desktop\/FlashNotifications\/FlashNotifications\/Classes\/Colors.swift",
      "kind": "IntegerLiteral",
      "offset": 231,
      "length": 3,
      "value": "113"
    },
    {
      "filePath": "\/Users\/souravkumarsingh\/Desktop\/FlashNotifications\/FlashNotifications\/Classes\/Colors.swift",
      "kind": "IntegerLiteral",
      "offset": 235,
      "length": 3,
      "value": "255"
    },
    {
      "filePath": "\/Users\/souravkumarsingh\/Desktop\/FlashNotifications\/FlashNotifications\/Classes\/Colors.swift",
      "kind": "FloatLiteral",
      "offset": 247,
      "length": 3,
      "value": "1.0"
    },
    {
      "filePath": "\/Users\/souravkumarsingh\/Desktop\/FlashNotifications\/FlashNotifications\/Classes\/Colors.swift",
      "kind": "IntegerLiteral",
      "offset": 287,
      "length": 3,
      "value": "231"
    },
    {
      "filePath": "\/Users\/souravkumarsingh\/Desktop\/FlashNotifications\/FlashNotifications\/Classes\/Colors.swift",
      "kind": "IntegerLiteral",
      "offset": 291,
      "length": 3,
      "value": "255"
    },
    {
      "filePath": "\/Users\/souravkumarsingh\/Desktop\/FlashNotifications\/FlashNotifications\/Classes\/Colors.swift",
      "kind": "IntegerLiteral",
      "offset": 303,
      "length": 2,
      "value": "76"
    },
    {
      "filePath": "\/Users\/souravkumarsingh\/Desktop\/FlashNotifications\/FlashNotifications\/Classes\/Colors.swift",
      "kind": "IntegerLiteral",
      "offset": 306,
      "length": 3,
      "value": "255"
    },
    {
      "filePath": "\/Users\/souravkumarsingh\/Desktop\/FlashNotifications\/FlashNotifications\/Classes\/Colors.swift",
      "kind": "IntegerLiteral",
      "offset": 317,
      "length": 2,
      "value": "60"
    },
    {
      "filePath": "\/Users\/souravkumarsingh\/Desktop\/FlashNotifications\/FlashNotifications\/Classes\/Colors.swift",
      "kind": "IntegerLiteral",
      "offset": 320,
      "length": 3,
      "value": "255"
    },
    {
      "filePath": "\/Users\/souravkumarsingh\/Desktop\/FlashNotifications\/FlashNotifications\/Classes\/Colors.swift",
      "kind": "FloatLiteral",
      "offset": 332,
      "length": 3,
      "value": "1.0"
    },
    {
      "filePath": "\/Users\/souravkumarsingh\/Desktop\/FlashNotifications\/FlashNotifications\/Classes\/Colors.swift",
      "kind": "IntegerLiteral",
      "offset": 373,
      "length": 3,
      "value": "149"
    },
    {
      "filePath": "\/Users\/souravkumarsingh\/Desktop\/FlashNotifications\/FlashNotifications\/Classes\/Colors.swift",
      "kind": "IntegerLiteral",
      "offset": 377,
      "length": 3,
      "value": "255"
    },
    {
      "filePath": "\/Users\/souravkumarsingh\/Desktop\/FlashNotifications\/FlashNotifications\/Classes\/Colors.swift",
      "kind": "IntegerLiteral",
      "offset": 389,
      "length": 3,
      "value": "165"
    },
    {
      "filePath": "\/Users\/souravkumarsingh\/Desktop\/FlashNotifications\/FlashNotifications\/Classes\/Colors.swift",
      "kind": "IntegerLiteral",
      "offset": 393,
      "length": 3,
      "value": "255"
    },
    {
      "filePath": "\/Users\/souravkumarsingh\/Desktop\/FlashNotifications\/FlashNotifications\/Classes\/Colors.swift",
      "kind": "IntegerLiteral",
      "offset": 404,
      "length": 3,
      "value": "166"
    },
    {
      "filePath": "\/Users\/souravkumarsingh\/Desktop\/FlashNotifications\/FlashNotifications\/Classes\/Colors.swift",
      "kind": "IntegerLiteral",
      "offset": 408,
      "length": 3,
      "value": "255"
    },
    {
      "filePath": "\/Users\/souravkumarsingh\/Desktop\/FlashNotifications\/FlashNotifications\/Classes\/Colors.swift",
      "kind": "FloatLiteral",
      "offset": 420,
      "length": 3,
      "value": "1.0"
    },
    {
      "filePath": "\/Users\/souravkumarsingh\/Desktop\/FlashNotifications\/FlashNotifications\/Classes\/FlashNotification.swift",
      "kind": "BooleanLiteral",
      "offset": 408,
      "length": 5,
      "value": "false"
    },
    {
      "filePath": "\/Users\/souravkumarsingh\/Desktop\/FlashNotifications\/FlashNotifications\/Classes\/FlashNotification.swift",
      "kind": "BooleanLiteral",
      "offset": 585,
      "length": 5,
      "value": "false"
    },
    {
      "filePath": "\/Users\/souravkumarsingh\/Desktop\/FlashNotifications\/FlashNotifications\/Classes\/FlashNotification.swift",
      "kind": "IntegerLiteral",
      "offset": 682,
      "length": 2,
      "value": "14"
    },
    {
      "filePath": "\/Users\/souravkumarsingh\/Desktop\/FlashNotifications\/FlashNotifications\/Classes\/FlashNotification.swift",
      "kind": "BooleanLiteral",
      "offset": 846,
      "length": 5,
      "value": "false"
    },
    {
      "filePath": "\/Users\/souravkumarsingh\/Desktop\/FlashNotifications\/FlashNotifications\/Classes\/FlashNotification.swift",
      "kind": "IntegerLiteral",
      "offset": 886,
      "length": 1,
      "value": "8"
    },
    {
      "filePath": "\/Users\/souravkumarsingh\/Desktop\/FlashNotifications\/FlashNotifications\/Classes\/FlashNotification.swift",
      "kind": "BooleanLiteral",
      "offset": 1054,
      "length": 5,
      "value": "false"
    },
    {
      "filePath": "\/Users\/souravkumarsingh\/Desktop\/FlashNotifications\/FlashNotifications\/Classes\/FlashNotification.swift",
      "kind": "BooleanLiteral",
      "offset": 1271,
      "length": 5,
      "value": "false"
    },
    {
      "filePath": "\/Users\/souravkumarsingh\/Desktop\/FlashNotifications\/FlashNotifications\/Classes\/FlashNotification.swift",
      "kind": "IntegerLiteral",
      "offset": 1367,
      "length": 1,
      "value": "2"
    },
    {
      "filePath": "\/Users\/souravkumarsingh\/Desktop\/FlashNotifications\/FlashNotifications\/Classes\/FlashNotification.swift",
      "kind": "BooleanLiteral",
      "offset": 1531,
      "length": 5,
      "value": "false"
    },
    {
      "filePath": "\/Users\/souravkumarsingh\/Desktop\/FlashNotifications\/FlashNotifications\/Classes\/FlashNotification.swift",
      "kind": "IntegerLiteral",
      "offset": 1584,
      "length": 2,
      "value": "15"
    },
    {
      "filePath": "\/Users\/souravkumarsingh\/Desktop\/FlashNotifications\/FlashNotifications\/Classes\/FlashNotification.swift",
      "kind": "BooleanLiteral",
      "offset": 1920,
      "length": 5,
      "value": "false"
    },
    {
      "filePath": "\/Users\/souravkumarsingh\/Desktop\/FlashNotifications\/FlashNotifications\/Classes\/FlashNotification.swift",
      "kind": "IntegerLiteral",
      "offset": 1973,
      "length": 2,
      "value": "13"
    },
    {
      "filePath": "\/Users\/souravkumarsingh\/Desktop\/FlashNotifications\/FlashNotifications\/Classes\/FlashNotification.swift",
      "kind": "IntegerLiteral",
      "offset": 2185,
      "length": 1,
      "value": "1"
    },
    {
      "filePath": "\/Users\/souravkumarsingh\/Desktop\/FlashNotifications\/FlashNotifications\/Classes\/FlashNotifications.swift",
      "kind": "StringLiteral",
      "offset": 552,
      "length": 9,
      "value": "\"success\""
    },
    {
      "filePath": "\/Users\/souravkumarsingh\/Desktop\/FlashNotifications\/FlashNotifications\/Classes\/FlashNotifications.swift",
      "kind": "StringLiteral",
      "offset": 800,
      "length": 7,
      "value": "\"error\""
    },
    {
      "filePath": "\/Users\/souravkumarsingh\/Desktop\/FlashNotifications\/FlashNotifications\/Classes\/FlashNotifications.swift",
      "kind": "StringLiteral",
      "offset": 1046,
      "length": 6,
      "value": "\"info\""
    },
    {
      "filePath": "\/Users\/souravkumarsingh\/Library\/Developer\/Xcode\/DerivedData\/FlashNotifications-cjvffrhefuuhuscyltsrkwfdzhkt\/Build\/Intermediates.noindex\/ArchiveIntermediates\/FlashNotifications\/IntermediateBuildFilesPath\/FlashNotifications.build\/Release-iphonesimulator\/FlashNotifications.build\/DerivedSources\/GeneratedAssetSymbols.swift",
      "kind": "StringLiteral",
      "offset": 723,
      "length": 7,
      "value": "\"error\""
    },
    {
      "filePath": "\/Users\/souravkumarsingh\/Library\/Developer\/Xcode\/DerivedData\/FlashNotifications-cjvffrhefuuhuscyltsrkwfdzhkt\/Build\/Intermediates.noindex\/ArchiveIntermediates\/FlashNotifications\/IntermediateBuildFilesPath\/FlashNotifications.build\/Release-iphonesimulator\/FlashNotifications.build\/DerivedSources\/GeneratedAssetSymbols.swift",
      "kind": "StringLiteral",
      "offset": 848,
      "length": 6,
      "value": "\"info\""
    },
    {
      "filePath": "\/Users\/souravkumarsingh\/Library\/Developer\/Xcode\/DerivedData\/FlashNotifications-cjvffrhefuuhuscyltsrkwfdzhkt\/Build\/Intermediates.noindex\/ArchiveIntermediates\/FlashNotifications\/IntermediateBuildFilesPath\/FlashNotifications.build\/Release-iphonesimulator\/FlashNotifications.build\/DerivedSources\/GeneratedAssetSymbols.swift",
      "kind": "StringLiteral",
      "offset": 978,
      "length": 9,
      "value": "\"success\""
    }
  ]
}